{
	"easycom": {
	  	"^tn-(.*)": "@/tuniao-ui/components/tn-$1/tn-$1.vue"
	  },
	"pages": [ //pages数组中第一项表示应用启动页，参考：https://uniapp.dcloud.io/collocation/pages
		{
			"path": "pages/home/home",
			"style": {
				"navigationBarTitleText": "芯招聘App"
			}
		}
	    ,{
            "path" : "pages/home/home",
            "style" :                                                                                    
            {
                "navigationBarTitleText": "",
                "enablePullDownRefresh": false,
				"navigationStyle": "custom"
            }
        }
        ,{
            "path" : "pages/company/company",
            "style" :                                                                                    
            {
                "navigationBarTitleText": "岗位列表",
                "enablePullDownRefresh": true
            }
            
        }
        ,{
            "path" : "pages/mine/mine",
            "style" :                                                                                    
            {
                "navigationBarTitleText": "",
                "enablePullDownRefresh": false,
				"navigationStyle": "custom"
            }
            
        }
        ,{
            "path" : "pages/login/login",
            "style" :                                                                                    
            {
                "navigationBarTitleText": "",
                "enablePullDownRefresh": false,
				"navigationStyle": "custom"
            }
            
        }
        ,{
            "path" : "pages/setting/setting",
            "style" :                                                                                    
            {
                "navigationBarTitleText": "个人信息完善",
                "enablePullDownRefresh": false
            }
            
        }
        ,{
            "path" : "pages/detail/detail",
            "style" :                                                                                    
            {
                "navigationBarTitleText": "岗位详情",
                "enablePullDownRefresh": false
            }
            
        }
        ,{
            "path" : "pages/my-job/my-job",
            "style" :                                                                                    
            {
                "navigationBarTitleText": "我的岗位",
                "enablePullDownRefresh": false
            }
            
        },
		{
		    "path" : "pages/enterprise/enterprise",
		    "style" :                                                                                    
		    {
		        "navigationBarTitleText": "企业信息",
		        "enablePullDownRefresh": false
		    }
		    
		},
		{
		    "path" : "pages/chat/chat",
		    "style" :                                                                                    
		    {
		        "navigationBarTitleText": "消息",
		        "enablePullDownRefresh": false
		    }
		    
		}
	
		
    ],
	"globalStyle": {
		"navigationBarTextStyle": "black",
		"navigationBarTitleText": "芯招聘App",
		"navigationBarBackgroundColor": "#F8F8F8",
		"backgroundColor": "#F8F8F8"
	},
	"tabBar": {
		"color": "#d8d8d8",
		"selectedColor": "#008c8c",
		"list": [
			{
				"text": "首页",
				"pagePath": "pages/home/home",
				"iconPath": "static/img/home_icon.png",
				"selectedIconPath": "static/img/home_icon_act.png"
			},{
				"text": "岗位",
				"pagePath": "pages/company/company",
				"iconPath": "static/img/company_icon.png",
				"selectedIconPath": "static/img/company_icon_act.png"
			},
			{
				"text": "消息",
				"pagePath": "pages/chat/chat",
				"iconPath": "static/img/msg_icon.png",
				"selectedIconPath": "static/img/msg_icon_act.png"
			},{
				"text": "我的",
				"pagePath": "pages/mine/mine",
				"iconPath": "static/img/min_icon.png",
				"selectedIconPath": "static/img/mine_icon_act.png"
			}
		]
	},
	"uniIdRouter": {}
}
