{
  "id": "3487308",
  "name": "招聘",
  "font_family": "iconfont",
  "css_prefix_text": "icon-",
  "description": "",
  "glyphs": [
    {
      "icon_id": "1018903",
      "name": "浏览眼睛",
      "font_class": "browse",
      "unicode": "e6e0",
      "unicode_decimal": 59104
    },
    {
      "icon_id": "18928377",
      "name": "人群",
      "font_class": "renqun",
      "unicode": "e61b",
      "unicode_decimal": 58907
    },
    {
      "icon_id": "1301368",
      "name": "密码",
      "font_class": "mima",
      "unicode": "e65e",
      "unicode_decimal": 58974
    },
    {
      "icon_id": "3092335",
      "name": "一般提示",
      "font_class": "yibantishi",
      "unicode": "e799",
      "unicode_decimal": 59289
    },
    {
      "icon_id": "3874047",
      "name": "网络",
      "font_class": "wangluo",
      "unicode": "e638",
      "unicode_decimal": 58936
    },
    {
      "icon_id": "4867065",
      "name": "电话",
      "font_class": "dianhua",
      "unicode": "e64a",
      "unicode_decimal": 58954
    },
    {
      "icon_id": "4867068",
      "name": "定位",
      "font_class": "dingwei",
      "unicode": "e64b",
      "unicode_decimal": 58955
    },
    {
      "icon_id": "5645147",
      "name": "编辑",
      "font_class": "bianji",
      "unicode": "e616",
      "unicode_decimal": 58902
    },
    {
      "icon_id": "12705239",
      "name": "密码管理",
      "font_class": "mimaguanli",
      "unicode": "e617",
      "unicode_decimal": 58903
    },
    {
      "icon_id": "12734636",
      "name": "帮助",
      "font_class": "icon-safe-bluefuben",
      "unicode": "e618",
      "unicode_decimal": 58904
    },
    {
      "icon_id": "14369190",
      "name": "钱包",
      "font_class": "wallet",
      "unicode": "e778",
      "unicode_decimal": 59256
    },
    {
      "icon_id": "14929865",
      "name": "提示信息Infos (4)",
      "font_class": "tishixinxiInfos4",
      "unicode": "e699",
      "unicode_decimal": 59033
    },
    {
      "icon_id": "19378096",
      "name": "公文包",
      "font_class": "gongwenbao",
      "unicode": "e61c",
      "unicode_decimal": 58908
    },
    {
      "icon_id": "20113480",
      "name": "bxs-file-pdf",
      "font_class": "bxs-file-pdf",
      "unicode": "e6b5",
      "unicode_decimal": 59061
    },
    {
      "icon_id": "21413915",
      "name": "我的",
      "font_class": "wode1",
      "unicode": "e619",
      "unicode_decimal": 58905
    },
    {
      "icon_id": "28640084",
      "name": "邮箱",
      "font_class": "youxiang",
      "unicode": "e61a",
      "unicode_decimal": 58906
    },
    {
      "icon_id": "34298259",
      "name": "钱包",
      "font_class": "a-1",
      "unicode": "e698",
      "unicode_decimal": 59032
    },
    {
      "icon_id": "9358598",
      "name": "bookmark",
      "font_class": "bookmark",
      "unicode": "e602",
      "unicode_decimal": 58882
    },
    {
      "icon_id": "9358603",
      "name": "bookmark-o",
      "font_class": "bookmark-o",
      "unicode": "e615",
      "unicode_decimal": 58901
    },
    {
      "icon_id": "34902346",
      "name": "001_卡券",
      "font_class": "a-001_kaquan",
      "unicode": "e603",
      "unicode_decimal": 58883
    },
    {
      "icon_id": "34902347",
      "name": "001_位置",
      "font_class": "a-001_weizhi",
      "unicode": "e604",
      "unicode_decimal": 58884
    },
    {
      "icon_id": "34902348",
      "name": "001_搜索",
      "font_class": "a-001_sousuo",
      "unicode": "e605",
      "unicode_decimal": 58885
    },
    {
      "icon_id": "34902349",
      "name": "001_我的",
      "font_class": "a-001_wode",
      "unicode": "e606",
      "unicode_decimal": 58886
    },
    {
      "icon_id": "34902350",
      "name": "001_首页",
      "font_class": "a-001_shouye",
      "unicode": "e607",
      "unicode_decimal": 58887
    },
    {
      "icon_id": "34902351",
      "name": "001_资讯",
      "font_class": "a-001_zixun",
      "unicode": "e608",
      "unicode_decimal": 58888
    },
    {
      "icon_id": "34902352",
      "name": "001_消息",
      "font_class": "a-001_xiaoxi",
      "unicode": "e609",
      "unicode_decimal": 58889
    },
    {
      "icon_id": "34902615",
      "name": "001_客服",
      "font_class": "a-001_kefu",
      "unicode": "e60a",
      "unicode_decimal": 58890
    },
    {
      "icon_id": "34902616",
      "name": "001_收藏",
      "font_class": "a-001_shoucang",
      "unicode": "e60b",
      "unicode_decimal": 58891
    },
    {
      "icon_id": "34903617",
      "name": "001_通知",
      "font_class": "a-001_tongzhi",
      "unicode": "e60c",
      "unicode_decimal": 58892
    },
    {
      "icon_id": "34903618",
      "name": "001_上传",
      "font_class": "a-001_shangchuan",
      "unicode": "e60d",
      "unicode_decimal": 58893
    },
    {
      "icon_id": "34903619",
      "name": "001_购物车",
      "font_class": "a-001_gouwuche",
      "unicode": "e60e",
      "unicode_decimal": 58894
    },
    {
      "icon_id": "34903621",
      "name": "001_菜单",
      "font_class": "a-001_caidan",
      "unicode": "e60f",
      "unicode_decimal": 58895
    },
    {
      "icon_id": "34903700",
      "name": "001_分享",
      "font_class": "a-001_fenxiang",
      "unicode": "e610",
      "unicode_decimal": 58896
    },
    {
      "icon_id": "34903701",
      "name": "001_礼物",
      "font_class": "a-001_liwu",
      "unicode": "e611",
      "unicode_decimal": 58897
    },
    {
      "icon_id": "34903702",
      "name": "001_下载",
      "font_class": "a-001_xiazai",
      "unicode": "e612",
      "unicode_decimal": 58898
    },
    {
      "icon_id": "34903703",
      "name": "001_相机",
      "font_class": "a-001_xiangji",
      "unicode": "e613",
      "unicode_decimal": 58899
    },
    {
      "icon_id": "34903704",
      "name": "001_设置",
      "font_class": "a-001_shezhi",
      "unicode": "e614",
      "unicode_decimal": 58900
    },
    {
      "icon_id": "29312093",
      "name": "订单",
      "font_class": "dingdan",
      "unicode": "ed53",
      "unicode_decimal": 60755
    },
    {
      "icon_id": "29312101",
      "name": "通知",
      "font_class": "tongzhi",
      "unicode": "ed54",
      "unicode_decimal": 60756
    },
    {
      "icon_id": "29312104",
      "name": "客服",
      "font_class": "kefu",
      "unicode": "ed55",
      "unicode_decimal": 60757
    },
    {
      "icon_id": "29312106",
      "name": "优惠券",
      "font_class": "youhuiquan",
      "unicode": "ed56",
      "unicode_decimal": 60758
    },
    {
      "icon_id": "29312140",
      "name": "安全",
      "font_class": "anquan",
      "unicode": "ed58",
      "unicode_decimal": 60760
    },
    {
      "icon_id": "29312178",
      "name": "消息",
      "font_class": "xiaoxi",
      "unicode": "ed59",
      "unicode_decimal": 60761
    },
    {
      "icon_id": "29312198",
      "name": "收藏",
      "font_class": "shoucang",
      "unicode": "ed5a",
      "unicode_decimal": 60762
    },
    {
      "icon_id": "29312246",
      "name": "标签",
      "font_class": "biaoqian",
      "unicode": "ed5c",
      "unicode_decimal": 60764
    },
    {
      "icon_id": "29312249",
      "name": "认证",
      "font_class": "renzheng",
      "unicode": "ed5d",
      "unicode_decimal": 60765
    },
    {
      "icon_id": "29312273",
      "name": "钱包",
      "font_class": "qianbao",
      "unicode": "ed5f",
      "unicode_decimal": 60767
    },
    {
      "icon_id": "29312284",
      "name": "留言板",
      "font_class": "liuyanban",
      "unicode": "ed60",
      "unicode_decimal": 60768
    },
    {
      "icon_id": "29312286",
      "name": "资金",
      "font_class": "zijin",
      "unicode": "ed61",
      "unicode_decimal": 60769
    },
    {
      "icon_id": "29312292",
      "name": "商城",
      "font_class": "shangcheng",
      "unicode": "ed63",
      "unicode_decimal": 60771
    },
    {
      "icon_id": "29312477",
      "name": "证件",
      "font_class": "zhengjian",
      "unicode": "ed65",
      "unicode_decimal": 60773
    },
    {
      "icon_id": "29312536",
      "name": "点赞",
      "font_class": "dianzan",
      "unicode": "ed67",
      "unicode_decimal": 60775
    },
    {
      "icon_id": "29312537",
      "name": "排行榜",
      "font_class": "paihangbang",
      "unicode": "ed68",
      "unicode_decimal": 60776
    },
    {
      "icon_id": "29312574",
      "name": "导航",
      "font_class": "daohang",
      "unicode": "ed69",
      "unicode_decimal": 60777
    },
    {
      "icon_id": "29312672",
      "name": "红包",
      "font_class": "hongbao",
      "unicode": "ed6a",
      "unicode_decimal": 60778
    },
    {
      "icon_id": "29313383",
      "name": "云",
      "font_class": "yun",
      "unicode": "ed6b",
      "unicode_decimal": 60779
    },
    {
      "icon_id": "29313850",
      "name": "直播",
      "font_class": "zhibo",
      "unicode": "ed6d",
      "unicode_decimal": 60781
    },
    {
      "icon_id": "201225",
      "name": "3.1首页-选中",
      "font_class": "31shouyexuanzhong",
      "unicode": "e600",
      "unicode_decimal": 58880
    },
    {
      "icon_id": "201226",
      "name": "3.1首页",
      "font_class": "31shouye",
      "unicode": "e601",
      "unicode_decimal": 58881
    },
    {
      "icon_id": "2675007",
      "name": "我的",
      "font_class": "wode",
      "unicode": "e62f",
      "unicode_decimal": 58927
    },
    {
      "icon_id": "3170636",
      "name": "我的大麦激活",
      "font_class": "wodedamaijihuo",
      "unicode": "e656",
      "unicode_decimal": 58966
    },
    {
      "icon_id": "25965290",
      "name": "领带",
      "font_class": "lingdai",
      "unicode": "e66a",
      "unicode_decimal": 58986
    },
    {
      "icon_id": "29488064",
      "name": "岗位管理",
      "font_class": "gangweiguanli",
      "unicode": "e669",
      "unicode_decimal": 58985
    }
  ]
}
